reference contig	strand	heptamer index	nonamer index	heptamer	nonamer	start of gene	end of gene	best aligned human gene	alignment direction	alignment PI	longest common k-mer	gene sequence
igh_locus_reverse_compl_chr14_[105560000:106883717]	+	754179	754208	CACAGTG	GACACAAAC	753886	754178	IGHV3-13*01	+	100	293.0	GAGGTGCAGCTGGTGGAGTCTGGGGGAGGCTTGGTACAGCCTGGGGGGTCCCTGAGACTCTCCTGTGCAGCCTCTGGATTCACCTTCAGTAGCTACGACATGCACTGGGTCCGCCAAGCTACAGGAAAAGGTCTGGAGTGGGTCTCAGCTATTGGTACTGCTGGTGACCCATACTATCCAGGCTCCGTGAAGGGCCGATTCACCATCTCCAGAGAAAATGCCAAGAACTCCTTGTATCTTCAAATGAACAGCCTGAGAGCCGGGGACACGGCTGTGTATTACTGTGCAAGAGA
igh_locus_reverse_compl_chr14_[105560000:106883717]	+	882185	882216	CACAGTG	CACAAAGCT	881890	882184	IGHV3-41*02	+	65	65.0	GTGTGAAGTTTACTGATGGAGTCAGAGGGGGAAAAATTTTACAGCCCAGTGGTGAGACTCTCCTGCAAAGCCTCTGGTTTCACCTTTACTGGTTACAGCATGAGCTTGGTCCAGCATGCTTCACAACAGGGATAGGTGTGGGTGCCAACAGTGAGTGATCAAGTATGAATTCTCAGGGTTACTCTCCATGAGTACAAATAAATTAACAATCTCAAGCAACACCCTTTTAAGTGCAGTCTGCCTTACAATGACCAATCTGAAAGCCAAGGACAAGGTCATGTATTACTGTGAGTGA
igh_locus_reverse_compl_chr14_[105560000:106883717]	+	672783	672812	CACAGTG	GACACAAAC	672487	672782	IGHV3-20*01	+	100	296.0	GAGGTGCAGCTGGTGGAGTCTGGGGGAGGTGTGGTACGGCCTGGGGGGTCCCTGAGACTCTCCTTTGCAGCCTCTGGATTCACCTTTGATGATTATGGCATGAGCTGGGTCCGCCAAGCTCCAGGGAAGGGGCTGGAGTGGGTCTCTGGTATTAATTGGAATGGTGGTAGCACAGGTTATGCAGACTCTGTGAAGGGCCGATTCACCATCTCCAGAGACAACGCCAAGAACTCCCTGTATCTGCAAATGAACAGTCTGAGAGCCGAGGACACGGCCTTGTATCACTGTGCGAGAGA
igh_locus_reverse_compl_chr14_[105560000:106883717]	+	108562	108591	CACAGTG	GACACAAAC	108260	108561	IGHV3-71*01	+	100	302.0	GAGGTGCAGCTGGTGGAGTCCGGGGGAGGCTTGGTCCAGCCTGGGGGGTCCCTGAGACTCTCCTGTGCAGCCTCTGGATTCACCTTCAGTGACTACTACATGAGCTGGGTCCGCCAGGCTCCCGGGAAGGGGCTGGAGTGGGTAGGTTTCATTAGAAACAAAGCTAATGGTGGGACAACAGAATAGACCACGTCTGTGAAAGGCAGATTCACAATCTCAAGAGATGATTCCAAAAGCATCACCTATCTGCAAATGAACAGCCTGAGAGCCGAGGACACGGCCGTGTATTACTGTGCGAGAGA
igh_locus_reverse_compl_chr14_[105560000:106883717]	+	878624	878653	CACAGTG	GTCAGAAAC	878328	878623	IGHV1-3*01	+	100	296.0	CAGGTCCAGCTTGTGCAGTCTGGGGCTGAGGTGAAGAAGCCTGGGGCCTCAGTGAAGGTTTCCTGCAAGGCTTCTGGATACACCTTCACTAGCTATGCTATGCATTGGGTGCGCCAGGCCCCCGGACAAAGGCTTGAGTGGATGGGATGGATCAACGCTGGCAATGGTAACACAAAATATTCACAGAAGTTCCAGGGCAGAGTCACCATTACCAGGGACACATCCGCGAGCACAGCCTACATGGAGCTGAGCAGCCTGAGATCTGAAGACACGGCTGTGTATTACTGTGCGAGAGA
igh_locus_reverse_compl_chr14_[105560000:106883717]	+	217642	217671	CACAGTG	GACACAAAC	217339	217641	IGHV3-22*01	+	91	87.0	GAGGTGCAGCTGGTGGAGTCTGGGGGAGGCTTGGTACAGCCTGGGGGGTCCCTGAGACTCTCCTGTGCAGCCTCTGGATTCACCTTCTGTTAACTACTGCATGCAGTGGATCTGCCGGGCTCCAGGAAAGGGGCTGGAGTGGGTAGGTTTCACTAAAAACAAAACTAATCGTGGAACAACAGAATACGCCGCGTCTGTGAAAGGCAGATTCACCATCTCAAGCGATGATTCCAAAAGCATCGCCTATCTGCAAATGAACAGCCTGAAAACCGAGGACACGGCCGTGTATTACTATACCAGAGA
igh_locus_reverse_compl_chr14_[105560000:106883717]	+	737837	737868	CACAGTG	CAGAAATCC	737541	737836	IGHV1-46*01	+	79	235.0	ATGACTCACCCAGCTTCTGATGACTCTCCTGTTGCCAGCGTCCATGGCCTCAGTGAAGGTGTCCTGCAAAGCTCTGGATACACCTTCGCCAGCTACGACATTCACTGTGTGTGACAGGCCCCTGGATAAGGGTTTGAATGGATGGTAGGGAGCTACTCTGGCAATGGTAACACAGGCTATGCACAGAAGTTTCAGGGCAGAGTCACCATGACCAGGGACACGTCCACGAGCACAGCCTACATGGAGCTGAGCAGTCAGAGATCTGAGGACATAGATGTGTACTACTGTGCGAGACA
igh_locus_reverse_compl_chr14_[105560000:106883717]	+	55858	55887	CACAGTG	GTCACAAAC	55566	55857	IGHV3-48*01	+	83	40.0	GAAGTGTAGCTGGTAGAGTCTGGGGGAGGCTTGGTACAGCTTGGGGGGTCCATGTGACTCTCCTGTGCAGCCTCTGGATACACTTTCAGTAACTATGGCATGCACTAGGTGGACCAAGCTCCAGGGAAGGGACTGGAGTGGGTCTTACATTAATGCTAGTGGTGGAGGCATATACTACTCAGACTCTGTGAAGGGCCGGTTGACCATCTCCAGAGAAAACACCAAGAACTCACTGTATCTGCAAATAAACAGTTTCATTGCTGACACCATGGCCGTCTATTACTGTAAGAGA
igh_locus_reverse_compl_chr14_[105560000:106883717]	+	506419	506450	CACAGTG	CAGAAAGCC	506126	506418	IGHV7-34-1*01	+	100	293.0	CTGCAGCTGGTGCAGTCTGGGCCTGAGGTGAAGAAGCCTGGGGCCTCAGTGAAGGTCTCCTATAAGTCTTCTGGTTACACCTTCACCATCTATGGTATGAATTGGGTATGATAGACCCCTGGACAGGGCTTTGAGTGGATGTGATGGATCATCACCTACACTGGGAACCCAACGTATACCCACGGCTTCACAGGATGGTTTGTCTTCTCCATGGACACGTCTGTCAGCACGGCGTGTCTTCAGATCAGCAGCCTAAAGGCTGAGGACACGGCCGAGTATTACTGTGCGAAGTA
igh_locus_reverse_compl_chr14_[105560000:106883717]	+	741433	741462	CACAGTG	GACACCAAC	741140	741432	IGHV3-71*01	+	62	83.0	CCTGTGAAGTTAACTAATGGAGTCAGACAGAGAAATACTACAGACCAGGAATTCTGCCTTTTCTGCAAAGCCTCTGGATTCACTTTCACTGAAAACAGCATAAGCTTGATCCAGCAGGCTTCATGACAGGGGTGGGTGTGGGTAATAACAATAATTCAAATAGAAGTTCTCAGTGGGACTCTCCTTGAGTAAAAAGATGATTAACAATCCTCAAATACACTCAGTTCAGGAGATTCTCTTTTAAGATGATTAACCTGAGAGCTCAGGAAAAGTCCGTGTATTACTTTGAGGGA
igh_locus_reverse_compl_chr14_[105560000:106883717]	+	73279	73308	CACAGTG	GACACAAAC	72983	73278	IGHV3-74*01	+	100	296.0	GAGGTGCAGCTGGTGGAGTCCGGGGGAGGCTTAGTTCAGCCTGGGGGGTCCCTGAGACTCTCCTGTGCAGCCTCTGGATTCACCTTCAGTAGCTACTGGATGCACTGGGTCCGCCAAGCTCCAGGGAAGGGGCTGGTGTGGGTCTCACGTATTAATAGTGATGGGAGTAGCACAAGCTACGCGGACTCCGTGAAGGGCCGATTCACCATCTCCAGAGACAACGCCAAGAACACGCTGTATCTGCAAATGAACAGTCTGAGAGCCGAGGACACGGCTGTGTATTACTGTGCAAGAGA
igh_locus_reverse_compl_chr14_[105560000:106883717]	+	775747	775777	CACAGTG	CTAAAACCC	775451	775746	IGHV5-10-1*01	+	100	294.0	GAAGTGCAGCTGGTGCAGTCCGGAGCAGAGGTGAAAAAGCCCGGGGAGTCTCTGAGGATCTCCTGTAAGGGTTCTGGATACAGCTTTACCAGCTACTGGATCAGCTGGGTGCGCCAGATGCCCGGGAAAGGCCTGGAGTGGATGGGGAGGATTGATCCTAGTGACTCTTATACCAACTACAGCCCGTCCTTCCAAGGCCACGTCACCATCTCAGCTGACAAGTCCATCAGCACTGCCTACCTGCAGTGGAGCAGCCTGAAGGCCTCGGACACCGCCATGTATTACTGTGCGAGACA
igh_locus_reverse_compl_chr14_[105560000:106883717]	+	169037	169066	CACAGTG	GTCAGAAAC	168741	169036	IGHV1-69*02	+	100	294.0	CAGGTGCAGCTGGTGCAGTCTGGGGCTGAGGTGAAGAAGCCTGGGTCCTCGGTGAAGGTCTCCTGCAAGGCTTCTGGAGGCACCTTCAGCAGCTATGCTATCAGCTGGGTGCGACAGGCCCCTGGACAAGGGCTTGAGTGGATGGGAGGGATCATCCCTATCTTTGGTACAGCAAACTACGCACAGAAGTTCCAGGGCAGAGTCACGATTACCGCGGACAAATCCACGAGCACAGCCTACATGGAGCTGAGCAGCCTGAGATCTGAGGACACGGCCGTGTATTACTGTGCGAGAGA
igh_locus_reverse_compl_chr14_[105560000:106883717]	+	365140	365169	CACAGTG	GATACAAAC	364847	365139	IGHV3-47*01	+	100	291.0	GAGGATCAGCTGGTGGAGTCTGGGGGAGGCTTGGTACAGCCTGGGGGGTCCCTGCGACCCTCCTGTGCAGCCTCTGGATTCGCCTTCAGTAGCTATGCTCTGCACTGGGTTCGCCGGGCTCCAGGGAAGGGTCTGGAGTGGGTATCAGCTATTGGTACTGGTGGTGATACATACTATGCAGACTCCGTGATGGGCCGATTCACCATCTCCAGAGACAACGCCAAGAAGTCCTTGTATCTTCATATGAACAGCCTGATAGCTGAGGACATGGCTGTGTATTATTGTGCAAGAGA
igh_locus_reverse_compl_chr14_[105560000:106883717]	+	277603	277632	CACAGTG	GACACAAAC	277307	277602	IGHV4-55*01	+	100	296.0	CAGGTGCAGCTGCAGGAGTCGGGCCCAGGACTGGTGAAGCCTTCGGAGACCCTGTCCCTCATCTGCGCTGTCTCTGGTGACTCCATCAGCAGTGGTAACTGGTGAATCTGGGTCCGCCAGCCCCCAGGGAAGGGGCTGGAGTGGATTGGGGAAATCCATCATAGTGGGAGCACCTACTACAACCCGTCCCTCAAGAGTCGAATCACCATGTCCGTAGACACGTCCAAGAACCAGTTCTACCTGAAGCTGAGCTCTGTGACCGCCGCGGACACGGCCGTGTATTACTGTGCGAGATA
igh_locus_reverse_compl_chr14_[105560000:106883717]	+	510058	510087	CACAGTG	GACAAAAAC	509765	510057	IGHV4-34*01	+	100	293.0	CAGGTGCAGCTACAGCAGTGGGGCGCAGGACTGTTGAAGCCTTCGGAGACCCTGTCCCTCACCTGCGCTGTCTATGGTGGGTCCTTCAGTGGTTACTACTGGAGCTGGATCCGCCAGCCCCCAGGGAAGGGGCTGGAGTGGATTGGGGAAATCAATCATAGTGGAAGCACCAACTACAACCCGTCCCTCAAGAGTCGAGTCACCATATCAGTAGACACGTCCAAGAACCAGTTCTCCCTGAAGCTGAGCTCTGTGACCGCCGCGGACACGGCTGTGTATTACTGTGCGAGAGG
igh_locus_reverse_compl_chr14_[105560000:106883717]	+	767084	767113	CACAGTG	GACACAAAC	766788	767083	IGHV3-11*01	+	100	296.0	CAGGTGCAGCTGGTGGAGTCTGGGGGAGGCTTGGTCAAGCCTGGAGGGTCCCTGAGACTCTCCTGTGCAGCCTCTGGATTCACCTTCAGTGACTACTACATGAGCTGGATCCGCCAGGCTCCAGGGAAGGGGCTGGAGTGGGTTTCATACATTAGTAGTAGTAGTAGTTACACAAACTACGCAGACTCTGTGAAGGGCCGATTCACCATCTCCAGAGACAACGCCAAGAACTCACTGTATCTGCAAATGAACAGCCTGAGAGCCGAGGACACGGCTGTGTATTACTGTGCGAGAGA
igh_locus_reverse_compl_chr14_[105560000:106883717]	+	897137	897166	CACAGTG	GTCAGAAAC	896841	897136	IGHV1-2*01	+	100	296.0	CAGGTGCAGCTGGTGCAGTCTGGGGCTGAGGTGAAGAAGCCTGGGGCCTCAGTGAAGGTCTCCTGCAAGGCTTCTGGATACACCTTCACCGGCTACTATATGCACTGGGTGCGACAGGCCCCTGGACAAGGGCTTGAGTGGATGGGATGGATCAACCCTAACAGTGGTGGCACAAACTATGCACAGAAGTTTCAGGGCTGGGTCACCATGACCAGGGACACGTCCATCAGCACAGCCTACATGGAGCTGAGCAGGCTGAGATCTGACGACACGGCCGTGTATTACTGTGCGAGAGA
igh_locus_reverse_compl_chr14_[105560000:106883717]	+	458360	458389	CACAGTG	GTCAGAAAC	458064	458359	IGHV7-40*03	+	100	296.0	TTTTCAATAGAAAAGTCAAATAATCTAAGTGTCAATCAGTGGATGATTAGATAAAATATGATATATGTAAATCATGGAATACTATGCAGCCAGTATGGTATGAATTCAGTGTGACCAGCCCCTGGACAAGGGCTTGAGTGGATGGGATGGATCATCACCTACACTGGGAACCCAACATATACCAACGGCTTCACAGGACGGTTTCTATTCTCCATGGACACCTCTGTCAGCATGGCGTATCTGCAGATCAGCAGCCTAAAGGCTGAGGACACGGCCGTGTATGACTGTATGAGAGA
igh_locus_reverse_compl_chr14_[105560000:106883717]	+	326783	326812	CACAGTG	GACACAAAC	326481	326782	IGHV3-49*01	+	100	302.0	GAGGTGCAGCTGGTGGAGTCTGGGGGAGGCTTGGTACAGCCAGGGCGGTCCCTGAGACTCTCCTGTACAGCTTCTGGATTCACCTTTGGTGATTATGCTATGAGCTGGGTCCGCCAGGCTCCAGGGAAGGGGCTGGAGTGGGTAGGTTTCATTAGAAGCAAAGCTTATGGTGGGACAACAGAATACGCCGCGTCTGTGAAAGGCAGATTCACCATCTCAAGAGATGATTCCAAAAGCATCGCCTATCTGCAAATGAACAGCCTGAAAACCGAGGACACAGCCGTGTATTACTGTACTAGAGA
igh_locus_reverse_compl_chr14_[105560000:106883717]	+	81027	81056	CACAGTG	GACACAAAC	80725	81026	IGHV3-73*01	+	100	302.0	GAGGTGCAGCTGGTGGAGTCCGGGGGAGGCTTGGTCCAGCCTGGGGGGTCCCTGAAACTCTCCTGTGCAGCCTCTGGGTTCACCTTCAGTGGCTCTGCTATGCACTGGGTCCGCCAGGCTTCCGGGAAAGGGCTGGAGTGGGTTGGCCGTATTAGAAGCAAAGCTAACAGTTACGCGACAGCATATGCTGCGTCGGTGAAAGGCAGGTTCACCATCTCCAGAGATGATTCAAAGAACACGGCGTATCTGCAAATGAACAGCCTGAAAACCGAGGACACGGCCGTGTATTACTGTACTAGACA
igh_locus_reverse_compl_chr14_[105560000:106883717]	+	565905	565936	CACAGTG	CAGAAATCC	565623	565904	IGHV7-4-1*01	+	91	213.0	CAGGTGCAGCTGGTGCAGTCTGGGCCTGAGGTGAAGAAGCCTGGAGCCTCATTGAAGGTTTCCTGCAAGGCTTCTGGATACACCTTCACAAGCTATGCTATCAGCTGGGTATGACAGGCCCATGGACAAGGGCTTGAGGAAATGGGATGGATCAACACCAACACTGGGAACCTAACGTATGCCCAGGGCTTCACAGGACGGTTTGTCTTCTCCATGGACACCTCCGTCAGCATGGCATATCTTCATATCAGCAGCCTAAAGGCTGAGGACACGTGCAAGAGG
igh_locus_reverse_compl_chr14_[105560000:106883717]	+	523928	523957	CACAGTG	GACACAAAC	523632	523927	IGHV3-30*02	+	100	296.0	CAGGTGCAGCTGGTGGAGTCTGGGGGAGGCGTGGTCCAGCCTGGGAGGTCCCTGAGACTCTCCTGTGCAGCGTCTGGATTCACCTTCAGTAGCTATGGCATGCACTGGGTCCGCCAGGCTCCAGGCAAGGGGCTGGAGTGGGTGGCAGTTATATGGTATGATGGAAGTAATAAATACTATGCAGACTCCGTGAAGGGCCGATTCACCATCTCCAGAGACAATTCCAAGAACACGCTGTATCTGCAAATGAACAGCCTGAGAGCCGAGGACACGGCTGTGTATTACTGTGCGAGAGA
igh_locus_reverse_compl_chr14_[105560000:106883717]	+	146609	146638	CACAGTG	GTCAGAAAC	146313	146608	IGHV1-69-2*01	+	100	296.0	GAGGTCCAGCTGGTACAGTCTGGGGCTGAGGTGAAGAAGCCTGGGGCTACAGTGAAAATCTCCTGCAAGGTTTCTGGATACACCTTCACCGACTACTACATGCACTGGGTGCAACAGGCCCCTGGAAAAGGGCTTGAGTGGATGGGACTTGTTGATCCTGAAGATGGTGAAACAATATACGCAGAGAAGTTCCAGGGCAGAGTCACCATAACCGCGGACACGTCTACAGACACAGCCTACATGGAGCTGAGCAGCCTGAGATCTGAGGACACGGCCGTGTATTACTGTGCAACAGA
igh_locus_reverse_compl_chr14_[105560000:106883717]	+	462010	462039	CACAGTG	GACAAAAAC	461711	462009	IGHV4-38-2*01	+	100	297.0	CAGCTGCAGCTGCAGGAGTCGGGCCCAGGACTGGTGAAGCCTTCGGAGACCCTGTCCCTCACCTGCACTGTCTCTGGTGGCTCCATCAGCAGTAGTAGTTACTACTGGGGCTGGATCCGCCAGCCCCCAGGGAAGGGGCTGGAGTGGATTGGGAGTATCTATTATAGTGGGAGCACCTACTACAACCCGTCCCTCAAGAGTCGAGTCACCATATCCGTAGACACGTCCAAGAACCAGTTCTCCCTGAAGCTGAGCTCTGTGACCGCCGCAGACACGGCTGTGTATTACTGTGCGAGACA
igh_locus_reverse_compl_chr14_[105560000:106883717]	+	615113	615142	CACAGTG	GACACAAAC	614817	615112	IGHV3-23*01	+	100	296.0	GAGGTGCAGCTGGTGGAGTCTGGGGGAGGCTTGGTACAGCCTGGGGGGTCCCTGAGACTCTCCTGTGCAGCCTCTGGATTCACCTTTAGCAGCTATGCCATGAGCTGGGTCCGCCAGGCTCCAGGGAAGGGGCTGGAGTGGGTCTCAGCTATTAGTGGTAGTGGTGGTAGCACATACTACGCAGACTCCGTGAAGGGCCGGTTCACCATCTCCAGAGACAATTCCAAGAACACGCTGTATCTGCAAATGAACAGCCTGAGAGCCGAGGACACGGCCGTATATTACTGTGCGAAAGA
igh_locus_reverse_compl_chr14_[105560000:106883717]	+	225996	226027	CACAGTG	CAGAAACCT	225700	225995	IGHV3-64*01	+	100	296.0	GAGGTGCAGCTGGTGGAGTCTGGGGAAGGCTTGGTCCAGCCTGGGGGGTCCCTGAGACTCTCCTGTGCAGCCTCTGGATTCACCTTCAGTAGCTATGCTATGCACTGGGTCCGCCAGGCTCCAGGGAAGGGACTGGAATATGTTTCAGCTATTAGTAGTAATGGGGGTAGCACATATTATGCAGACTCTGTGAAGGGCAGATTCACCATCTCCAGAGACAATTCCAAGAACACGCTGTATCTTCAAATGGGCAGCCTGAGAGCTGAGGACATGGCTGTGTATTACTGTGCGAGAGA
igh_locus_reverse_compl_chr14_[105560000:106883717]	+	291043	291072	CACAGTG	GACACAAAC	290750	291042	IGHV3-53*01	+	100	293.0	GAGGTGCAGCTGGTGGAGACTGGAGGAGGCTTGATCCAGCCTGGGGGGTCCCTGAGACTCTCCTGTGCAGCCTCTGGGTTCACCGTCAGTAGCAACTACATGAGCTGGGTCCGCCAGGCTCCAGGGAAGGGGCTGGAGTGGGTCTCAGTTATTTATAGCGGTGGTAGCACATACTACGCAGACTCCGTGAAGGGCCGATTCACCATCTCCAGAGACAATTCCAAGAACACGCTGTATCTTCAAATGAACAGCCTGAGAGCCGAGGACACGGCCGTGTATTACTGTGCGAGAGA
igh_locus_reverse_compl_chr14_[105560000:106883717]	+	261362	261391	CACAGTG	GTCAGAAAC	261066	261361	IGHV1-58*01	+	100	296.0	CAAATGCAGCTGGTGCAGTCTGGGCCTGAGGTGAAGAAGCCTGGGACCTCAGTGAAGGTCTCCTGCAAGGCTTCTGGATTCACCTTTACTAGCTCTGCTGTGCAGTGGGTGCGACAGGCTCGTGGACAACGCCTTGAGTGGATAGGATGGATCGTCGTTGGCAGTGGTAACACAAACTACGCACAGAAGTTCCAGGAAAGAGTCACCATTACCAGGGACATGTCCACAAGCACAGCCTACATGGAGCTGAGCAGCCTGAGATCCGAGGACACGGCCGTGTATTACTGTGCGGCAGA
igh_locus_reverse_compl_chr14_[105560000:106883717]	+	233203	233232	CACAGTG	CACCAAAAC	232905	233202	IGHV4-30-2*01	+	70	154.0	CAACTGTGTTTCTCGGTGCACTCTTGGCCTGGTGAAGCCCTCACAGACCCTCTCCCTCATGTGTGTCATCTCTGCATTCTCCATCACAACCAGTGCTTCCTCCTGGAGCTGCATCCATCAGCCCCTCTCTGGGAGGGAATGGAGTGGATTGGGTGCATAGGTCATGAAGGGAGCACACATTACTCCCCTTTCCTCAAGAGTCCAGTCACCATCCCCAGATCCATGTCCAAAAACAGTTCTTCCTACAGCTGAGCTACATGAGCAACAATCACATAGCCATATATTTTTAAGCAAAAGA
igh_locus_reverse_compl_chr14_[105560000:106883717]	+	709377	709406	CACAGTG	GTCAGAAAC	709082	709376	IGHV1-NL1*01	+	100	295.0	CAGGTTCAGCTGTTGCAGCCTGGGGCTGAGGTGAAGAAGCCTGCGTCCTCAGTGAAGGTCTCCTGCCAGGCTTCCAGATACACCTTCACCAAATACTTTACACAGTGGGTGCGACAGGGCCCTGGACAAGGGCATAGTGGTTGGGATGCATCAACCCTTACAATGATAACACACACTACGCACAGAAGTTCCGGGGCAGAGTCACCATTACCAGTGACAGGTCCGTGAGCACAGCCTACATGGAGCTGAGCAGCCTGAGATCTGAAGACATGGTCGTGTATTCCTGTGTGAGAGA
igh_locus_reverse_compl_chr14_[105560000:106883717]	+	594693	594722	CACAGTG	GACACAAAC	594397	594692	IGHV3-25*01	+	100	296.0	GAGATGCAGCTGGTGGAGTCTGGGGGAGGCTTGGCAAAGCCTGCGTGGTCCCCGAGACTCTCCTGTGCAGCCTCTCAATTCACCTTCAGTAGCTACTACATGAACTGTGTCCGCCAGGCTCCAGGGAATGGGCTGGAGTTGGTTGGACAAGTTAATCCTAATGGGGGTAGCACATACCTCATAGACTCCGGTAAGGACCGATTCAATACCTCCAGAGATAACGCCAAGAACACACTTCATCTGCAAATGAACAGCCTGAAAACCGAGGACACGGCCCTGTATTAGTGTACCAGAGA
igh_locus_reverse_compl_chr14_[105560000:106883717]	+	440588	440617	CACAGTG	GACACAAAC	440294	440587	IGHV3-41*02	+	100	294.0	GAGGTGCAGCTGGTGGAGTCTGGGGGAGGCTTGGTCCAGCCTGGGGGGTCCCTGAGACTCTCCTGTGCAGCCTCAGGATTCTCCTTTAGTAGCTATGGCATGAGCTGGGTCCGCCAGGCTCCAGGGAAGGGGCTGGACTGAGTGGCACATATCTGGAATGATGGAAGTCAGAAATACTATGCAGACTCTGTGAAGGGCCGATTCACAATCTCCAGAGACAATTCTAAGAGCATGCTCTATCTGCAAATGGACAGTCTGAAAGCTAAGGACACGGCCATGTATTACTGTACCAGA
igh_locus_reverse_compl_chr14_[105560000:106883717]	+	413456	413485	CACAGTG	GACAAAAAC	413158	413455	IGHV3-43*01	+	100	298.0	GAAGTGCAGCTGGTGGAGTCTGGGGGAGTCGTGGTACAGCCTGGGGGGTCCCTGAGACTCTCCTGTGCAGCCTCTGGATTCACCTTTGATGATTATACCATGCACTGGGTCCGTCAAGCTCCGGGGAAGGGTCTGGAGTGGGTCTCTCTTATTAGTTGGGATGGTGGTAGCACATACTATGCAGACTCTGTGAAGGGCCGATTCACCATCTCCAGAGACAACAGCAAAAACTCCCTGTATCTGCAAATGAACAGTCTGAGAACTGAGGACACCGCCTTGTATTACTGTGCAAAAGATA
igh_locus_reverse_compl_chr14_[105560000:106883717]	+	121627	121656	CACAGTG	GTCAGAAAC	121331	121626	IGHV1-69*01	+	100	296.0	CAGGTGCAGCTGGTGCAGTCTGGGGCTGAGGTGAAGAAGCCTGGGTCCTCGGTGAAGGTCTCCTGCAAGGCTTCTGGAGGCACCTTCAGCAGCTATGCTATCAGCTGGGTGCGACAGGCCCCTGGACAAGGGCTTGAGTGGATGGGAGGGATCATCCCTATCTTTGGTACAGCAAACTACGCACAGAAGTTCCAGGGCAGAGTCACGATTACCGCGGACGAATCCACGAGCACAGCCTACATGGAGCTGAGCAGCCTGAGATCTGAGGACACGGCCGTGTATTACTGTGCGAGAGA
igh_locus_reverse_compl_chr14_[105560000:106883717]	+	548639	548668	CACAGTG	GACACAAAC	548343	548638	IGHV3-30*01	+	100	296.0	CAGGTGCAGCTGGTGGAGTCTGGGGGAGGCGTGGTCCAGCCTGGGAGGTCCCTGAGACTCTCCTGTGCAGCCTCTGGATTCACCTTCAGTAGCTATGGCATGCACTGGGTCCGCCAGGCTCCAGGCAAGGGGCTGGAGTGGGTGGCAGTTATATCATATGATGGAAGTAATAAATACTATGCAGACTCCGTGAAGGGCCGATTCACCATCTCCAGAGACAATTCCAAGAACACGCTGTATCTGCAAATGAACAGCCTGAGAGCTGAGGACACGGCTGTGTATTACTGTGCGAAAGA
igh_locus_reverse_compl_chr14_[105560000:106883717]	+	465701	465730	CACAGTG	GACACAAAA	465407	465700	IGHV3-35*01	+	61	289.0	GAAGTCCTCTGTGAAGTTAACTAGTGGAGTCAGACAGGAAAATACTACAGACCAAGAATTCTCAGACTGTTCTGCAAAGCCCCTGGATTCACTGAAAAAAGAACAAGTTTGGTCCAGCAGGATTCATGGCAAGTGTTGGTGAGGGAGATAACAGTAATTCAAGTGGAAGTTCTCAATGGGACTCGCCTTCAGTACAAAGAAGATTAACAGTCCTCAGAGACACTGTTCAGAAGATTCTCTTTTAAGATAATAAAACTGAGAGCCCAAGACAAGTCTGTGTATTACTGTGAGGGA
igh_locus_reverse_compl_chr14_[105560000:106883717]	+	625957	625986	CACAGTG	GACACAAAC	625655	625956	IGHV3-22*01	+	100	302.0	GAGGTGCAGCTGGTGGAGTCTGGGGGAGGCTTGGTACAGCCTGGGGGGTCCCTGAGACTCTCCTGTGCAGCCTCTGGATTCACCTTCAGTTACTACTACATGAGCGGGGTCCGCCAGGCTCCCGGGAAGGGGCTGGAATGGGTAGGTTTCATTAGAAACAAAGCTAATGGTGGGACAACAGAATAGACCACGTCTGTGAAAGGCAGATTCACAATCTCAAGAGATGATTCCAAAAGCATCACCTATCTGCAAATGAAGAGCCTGAAAACCGAGGACACGGCCGTGTATTACTGTTCCAGAGA
igh_locus_reverse_compl_chr14_[105560000:106883717]	+	345909	345938	CACAGTG	GACACAAAC	345613	345908	IGHV3-48*01	+	100	296.0	GAGGTGCAGCTGGTGGAGTCTGGGGGAGGCTTGGTACAGCCTGGAGGGTCCCTGAGACTCTCCTGTGCAGCCTCTGGATTCACCTTCAGTAGTTATGAAATGAACTGGGTCCGCCAGGCTCCAGGGAAGGGGCTGGAGTGGGTTTCATACATTAGTAGTAGTGGTAGTACCATATACTACGCAGACTCTGTGAAGGGCCGATTCACCATCTCCAGAGACAACGCCAAGAACTCACTGTATCTGCAAATGAACAGCCTGAGAGCCGAGGACACGGCTGTTTATTACTGTGCGAGAGA
igh_locus_reverse_compl_chr14_[105560000:106883717]	+	208704	208733	CACAGTG	GACACAAAC	208411	208703	IGHV3-66*02	+	100	291.0	GAGGTGCAGCTGGTGGAGTCTGGAGGAGGCTTGATCCAGCCTGGGGGGTCCCTGAGACTCTCCTGTGCAGCCTCTGGGTTCACCGTCAGTAGCAACTACATGAGCTGGGTCCGCCAGGCTCCAGGGAAGGGGCTGGAGTGGGTCTCAGTTATTTATAGCTGTGGTAGCACATACTACGCAGACTCCGTGAAGGGCCGATTCACCATCTCCAGAGACAATTCCAAGAACACGCTGTATCTTCAAATGAACAGCCTGAGAGCTGAGGACACGGCTGTGTATTACTGTGCGAGAGA
igh_locus_reverse_compl_chr14_[105560000:106883717]	+	821570	821599	CACAGTG	GACACAAAC	821274	821569	IGHV3-7*01	+	100	296.0	GAGGTGCAGCTGGTGGAGTCTGGGGGAGGCTTGGTCCAGCCTGGGGGGTCCCTGAGACTCTCCTGTGCAGCCTCTGGATTCACCTTTAGTAGCTATTGGATGAGCTGGGTCCGCCAGGCTCCAGGGAAGGGGCTGGAGTGGGTGGCCAACATAAAGCAAGATGGAAGTGAGAAATACTATGTGGACTCTGTGAAGGGCCGATTCACCATCTCCAGAGACAACGCCAAGAACTCACTGTATCTGCAAATGAACAGCCTGAGAGCCGAGGACACGGCCGTGTATTACTGTGCGAGAGA
igh_locus_reverse_compl_chr14_[105560000:106883717]	+	304977	305007	CACAGTG	CTAAAACCC	304681	304976	IGHV5-51*01	+	100	296.0	GAGGTGCAGCTGGTGCAGTCTGGAGCAGAGGTGAAAAAGCCCGGGGAGTCTCTGAAGATCTCCTGTAAGGGTTCTGGATACAGCTTTACCAGCTACTGGATCGGCTGGGTGCGCCAGATGCCCGGGAAAGGCCTGGAGTGGATGGGGATCATCTATCCTGGTGACTCTGATACCAGATACAGCCCGTCCTTCCAAGGCCAGGTCACCATCTCAGCCGACAAGTCCATCAGCACCGCCTACCTGCAGTGGAGCAGCCTGAAGGCCTCGGACACCGCCATGTATTACTGTGCGAGACA
igh_locus_reverse_compl_chr14_[105560000:106883717]	+	943965	943994	CACAGTG	GACACAAAC	943660	943964	IGHV6-1*01	+	100	305.0	CAGGTACAGCTGCAGCAGTCAGGTCCAGGACTGGTGAAGCCCTCGCAGACCCTCTCACTCACCTGTGCCATCTCCGGGGACAGTGTCTCTAGCAACAGTGCTGCTTGGAACTGGATCAGGCAGTCCCCATCGAGAGGCCTTGAGTGGCTGGGAAGGACATACTACAGGTCCAAGTGGTATAATGATTATGCAGTATCTGTGAAAAGTCGAATAACCATCAACCCAGACACATCCAAGAACCAGTTCTCCCTGCAGCTGAACTCTGTGACTCCCGAGGACACGGCTGTGTATTACTGTGCAAGAGA
igh_locus_reverse_compl_chr14_[105560000:106883717]	+	559465	559494	CACAGTG	GACACAAAC	559169	559464	IGHV4-28*01	+	100	296.0	CAGGTACAGCTGCAGGAGTCGGGCCCAGGACTGGTGAAGCCTTCGGACACCCTGTCCCTCACCTGCGCTGTCTCTGGTTACTCCATCAGCAGTAGTAACTGGTGGGGCTGGATCCGGCAGCCCCCAGGGAAGGGACTGGAGTGGATTGGGTACATCTATTATAGTGGGAGCACCTACTACAACCCGTCCCTCAAGAGTCGAGTCACCATGTCAGTAGACACGTCCAAGAACCAGTTCTCCCTGAAGCTGAGCTCTGTGACCGCCGTGGACACGGCCGTGTATTACTGTGCGAGAAA
igh_locus_reverse_compl_chr14_[105560000:106883717]	+	203116	203147	CACAGTG	CAGTAACCC	202820	203115	IGHV1-46*01	+	89	221.0	TGCAGCTGGTGCAGTCTGGGGATGAGATGAAGAAGGCTGGGGCATCAGTGAAAGTCTCCTGCAAGACTTGTGGATACACCTACCTTCACCAGTTACTCTATGCACTAGGTGCGCCAGGCCCATGCACAAGGGCTTGAGTGGATGGGAAGGATGTGCCCTAGTGATGGCAGCATAAGCTACGCAGAGAAGTTCCAGGGCAGAGTCACCATGACCAGGGACACATCCACGAGCACAGCCTACATGGAGCTGAGCAGCCTGAGATCTGAAGACACGGCCATGTATTACTGTGGGAGAGA
igh_locus_reverse_compl_chr14_[105560000:106883717]	+	871797	871826	CACAGTG	GACACAAAC	871501	871796	IGHV4-4*01	+	100	296.0	CAGGTGCAGCTGCAGGAGTCGGGCCCAGGACTGGTGAAGCCTTCGGGGACCCTGTCCCTCACCTGCGCTGTCTCTGGTGGCTCCATCAGCAGTAGTAACTGGTGGAGTTGGGTCCGCCAGCCCCCAGGGAAGGGGCTGGAGTGGATTGGGGAAATCTATCATAGTGGGAGCACCAACTACAACCCGTCCCTCAAGAGTCGAGTCACCATATCAGTAGACAAGTCCAAGAACCAGTTCTCCCTGAAGCTGAGCTCTGTGACCGCCGCGGACACGGCCGTGTATTACTGTGCGAGAGA
igh_locus_reverse_compl_chr14_[105560000:106883717]	+	244600	244629	CACAGTG	GACACAAAC	244301	244599	IGHV4-30-4*02	+	100	299.0	CAGGTGCAGCTGCAGGAGTCGGGCCCAGGACTGGTGAAGCCTTCGGAGACCCTGTCCCTCACCTGCACTGTCTCTGGTGGCTCCGTCAGCAGTGGTAGTTACTACTGGAGCTGGATCCGGCAGCCCCCAGGGAAGGGACTGGAGTGGATTGGGTATATCTATTACAGTGGGAGCACCAACTACAACCCCTCCCTCAAGAGTCGAGTCACCATATCAGTAGACACGTCCAAGAACCAGTTCTCCCTGAAGCTGAGCTCTGTGACCGCTGCGGACACGGCCGTGTATTACTGTGCGAGAGA
igh_locus_reverse_compl_chr14_[105560000:106883717]	+	372604	372633	CACAGTG	GTCAGAAAC	372308	372603	IGHV1-46*01	+	100	296.0	CAGGTGCAGCTGGTGCAGTCTGGGGCTGAGGTGAAGAAGCCTGGGGCCTCAGTGAAGGTTTCCTGCAAGGCATCTGGATACACCTTCACCAGCTACTATATGCACTGGGTGCGACAGGCCCCTGGACAAGGGCTTGAGTGGATGGGAATAATCAACCCTAGTGGTGGTAGCACAAGCTACGCACAGAAGTTCCAGGGCAGAGTCACCATGACCAGGGACACGTCCACGAGCACAGTCTACATGGAGCTGAGCAGCCTGAGATCTGAGGACACGGCCGTGTATTACTGTGCGAGAGA
igh_locus_reverse_compl_chr14_[105560000:106883717]	+	297343	297372	CACAGTG	GACACAAAC	297047	297342	IGHV3-52*01	+	100	296.0	GAGGTGCAGCTGGTGGAGTCTGGGTGAGGCTTGGTACAGCCTGGAGGGTCCCTGAGACTCTCCTGTGCAGCCTCTGGATTCACCTTCAGTAGCTCCTGGATGCACTGGGTCTGCCAGGCTCCGGAGAAGGGGCTGGAGTGGGTGGCCGACATAAAGTGTGACGGAAGTGAGAAATACTATGTAGACTCTGTGAAGGGCCGATTGACCATCTCCAGAGACAATGCCAAGAACTCCCTCTATCTGCAAGTGAACAGCCTGAGAGCTGAGGACATGACCGTGTATTACTGTGTGAGAGG
igh_locus_reverse_compl_chr14_[105560000:106883717]	+	376723	376752	CACAGTG	GTCAGAAAC	376427	376722	IGHV1-45*01	+	100	296.0	CAGATGCAGCTGGTGCAGTCTGGGGCTGAGGTGAAGAAGACTGGGTCCTCAGTGAAGGTTTCCTGCAAGGCTTCCGGATACACCTTCACCTACCGCTACCTGCACTGGGTGCGACAGGCCCCCGGACAAGCGCTTGAGTGGATGGGATGGATCACACCTTTCAATGGTAACACCAACTACGCACAGAAATTCCAGGACAGAGTCACCATTACCAGGGACAGGTCTATGAGCACAGCCTACATGGAGCTGAGCAGCCTGAGATCTGAGGACACAGCCATGTATTACTGTGCAAGATA
igh_locus_reverse_compl_chr14_[105560000:106883717]	+	155556	155585	CACAGTG	GACACAAAC	155263	155555	IGHV3-69-1*01	+	100	293.0	GAGGTGCAGCTGGTGGAGTCTGGGGGAGGCTTGGTAAAGCCTGGGGGGTCCCTGAGACTCTCCTGTGCAGCCTCTGGATTCACCTTCAGTGACTACTACATGAACTGGGTCCGCCAGGCTCCAGGGAAGGGGCTGGAGTGGGTCTCATCCATTAGTAGTAGTAGTACCATATACTACGCAGACTCTGTGAAGGGCCGATTCACCATCTCCAGAGACAACGCCAAGAACTCACTGTATCTGCAAATGAACAGCCTGAGAGCCGAGGACACGGCTGTGTATTACTGTGCGAGAGA
igh_locus_reverse_compl_chr14_[105560000:106883717]	+	698820	698851	CACAGTG	CAGAAACCC	698524	698819	IGHV1-18*01	+	100	296.0	CAGGTTCAGCTGGTGCAGTCTGGAGCTGAGGTGAAGAAGCCTGGGGCCTCAGTGAAGGTCTCCTGCAAGGCTTCTGGTTACACCTTTACCAGCTACGGTATCAGCTGGGTGCGACAGGCCCCTGGACAAGGGCTTGAGTGGATGGGATGGATCAGCGCTTACAATGGTAACACAAACTATGCACAGAAGCTCCAGGGCAGAGTCACCATGACCACAGACACATCCACGAGCACAGCCTACATGGAGCTGAGGAGCCTGAGATCTGACGACACGGCCGTGTATTACTGTGCGAGAGA
igh_locus_reverse_compl_chr14_[105560000:106883717]	+	607173	607202	CACAGTG	GTCAGAAAC	606877	607172	IGHV1-24*01	+	100	296.0	CAGGTCCAGCTGGTACAGTCTGGGGCTGAGGTGAAGAAGCCTGGGGCCTCAGTGAAGGTCTCCTGCAAGGTTTCCGGATACACCCTCACTGAATTATCCATGCACTGGGTGCGACAGGCTCCTGGAAAAGGGCTTGAGTGGATGGGAGGTTTTGATCCTGAAGATGGTGAAACAATCTACGCACAGAAGTTCCAGGGCAGAGTCACCATGACCGAGGACACATCTACAGACACAGCCTACATGGAGCTGAGCAGCCTGAGATCTGAGGACACGGCCGTGTATTACTGTGCAACAGA
igh_locus_reverse_compl_chr14_[105560000:106883717]	+	795597	795626	CACAGTG	GACACAAAC	795301	795596	IGHV3-64*03	+	100	296.0	GAGGTGCAGCTGGTGGAGTCTGGGGGAGGCTTGGTCCAGCCTGGGGGGTCCCTGAGACTCTCCTGTTCAGCCTCTGGATTCACCTTCAGTAGCTATGCTATGCACTGGGTCCGCCAGGCTCCAGGGAAGGGACTGGAATATGTTTCAGCTATTAGTAGTAATGGGGGTAGCACATACTACGCAGACTCCGTGAAGGGCAGATTCACCATCTCCAGAGACAATTCCAAGAACACGCTGTATCTTCAAATGAGCAGTCTGAGAGCTGAGGACACGGCTGTGTATTACTGTGTGAAAGA
igh_locus_reverse_compl_chr14_[105560000:106883717]	+	858574	858603	CACAGTG	GTCAAAAAC	858278	858573	IGHV7-4-1*01	+	100	296.0	CAGGTGCAGCTGGTGCAATCTGGGTCTGAGTTGAAGAAGCCTGGGGCCTCAGTGAAGGTTTCCTGCAAGGCTTCTGGATACACCTTCACTAGCTATGCTATGAATTGGGTGCGACAGGCCCCTGGACAAGGGCTTGAGTGGATGGGATGGATCAACACCAACACTGGGAACCCAACGTATGCCCAGGGCTTCACAGGACGGTTTGTCTTCTCCTTGGACACCTCTGTCAGCACGGCATATCTGCAGATCTGCAGCCTAAAGGCTGAGGACACTGCCGTGTATTACTGTGCGAGAGA
igh_locus_reverse_compl_chr14_[105560000:106883717]	+	648657	648686	CACAGTG	GACACAAAC	648361	648656	IGHV3-21*01	+	100	296.0	GAGGTGCAGCTGGTGGAGTCTGGGGGAGGCCTGGTCAAGCCTGGGGGGTCCCTGAGACTCTCCTGTGCAGCCTCTGGATTCACCTTCAGTAGCTATAGCATGAACTGGGTCCGCCAGGCTCCAGGGAAGGGGCTGGAGTGGGTCTCATCCATTAGTAGTAGTAGTAGTTACATATACTACGCAGACTCAGTGAAGGGCCGATTCACCATCTCCAGAGACAACGCCAAGAACTCACTGTATCTGCAAATGAACAGCCTGAGAGCCGAGGACACGGCTGTGTATTACTGTGCGAGAGA
igh_locus_reverse_compl_chr14_[105560000:106883717]	+	256470	256499	CACAGTG	GACAAAAAC	256177	256469	IGHV4-4*07	+	100	293.0	CAGGTGCAGCTGCAGGAGTCGGGCCCAGGACTGGTGAAGCCTTCGGAGACCCTGTCCCTCACCTGCACTGTCTCTGGTGGCTCCATCAGTAGTTACTACTGGAGCTGGATCCGGCAGCCCCCAGGGAAGGGACTGGAGTGGATTGGGTATATCTATTACAGTGGGAGCACCAACTACAACCCCTCCCTCAAGAGTCGAGTCACCATATCAGTAGACACGTCCAAGAACCAGTTCTCCCTGAAGCTGAGCTCTGTGACCGCTGCGGACACGGCCGTGTATTACTGTGCGAGAGA
igh_locus_reverse_compl_chr14_[105560000:106883717]	+	730097	730126	CACAGTG	GACACAAAC	729795	730096	IGHV3-15*01	+	100	302.0	GAGGTGCAGCTGGTGGAGTCTGGGGGAGGCTTGGTAAAGCCTGGGGGGTCCCTTAGACTCTCCTGTGCAGCCTCTGGATTCACTTTCAGTAACGCCTGGATGAGCTGGGTCCGCCAGGCTCCAGGGAAGGGGCTGGAGTGGGTTGGCCGTATTAAAAGCAAAACTGATGGTGGGACAACAGACTACGCTGCACCCGTGAAAGGCAGATTCACCATCTCAAGAGATGATTCAAAAAACACGCTGTATCTGCAAATGAACAGCCTGAAAACCGAGGACACAGCCGTGTATTACTGTACCACAGA
