reference contig	strand	left heptamer index	left nonamer index	left heptamer	left nonamer	right heptamer index	right nonamer index	right heptamer	right nonamer	start of gene	end of gene	gene sequence
igh_locus_reverse_compl_chr14_[105560000:106883717]	+	966855	966834	CACTGTG	GGATTTTGT	966893	966912	CACAGTG	TCCCAAAGC	966862	966892	AGGATATTGTAGTAGTACCAGCTGCTATGCC
igh_locus_reverse_compl_chr14_[105560000:106883717]	+	991992	991971	CACAGTG	GGTTTCTGA	992020	992039	CACAGTG	CCAGAAACC	991999	992019	GGGTATAGCAGTGGCTGGTAC
igh_locus_reverse_compl_chr14_[105560000:106883717]	+	992504	992483	CACAGTG	GGATTCTGA	992528	992547	CACCGTG	TCCAAAACT	992511	992527	GGTATAACTGGAACGAC
igh_locus_reverse_compl_chr14_[105560000:106883717]	+	976470	976449	CACTGTG	GGATTTTGT	976508	976527	CACAGTG	TCCCAAAGC	976477	976507	AGGATATTGTACTAATGGTGTATGCTATACC
igh_locus_reverse_compl_chr14_[105560000:106883717]	+	1018150	1018129	CACTGTG	GGTTTTGGC	1018168	1018187	CACAGTG	ACAAAAACC	1018157	1018167	CTAACTGGGGA
igh_locus_reverse_compl_chr14_[105560000:106883717]	+	985724	985703	CACTGTG	GGATTTTGT	985762	985781	CACAGTG	TCCCAAAGC	985731	985761	AGGATATTGTAGTGGTGGTAGCTGCTACTCC
igh_locus_reverse_compl_chr14_[105560000:106883717]	+	1002155	1002134	CACAGTC	GGTTTCTGA	1002180	1002199	CACAATG	ACAGAAACC	1002162	1002179	GGGTATAGCAGCGGCTAC
igh_locus_reverse_compl_chr14_[105560000:106883717]	+	1002658	1002637	CACGGTG	GGATTCTGA	1002685	1002704	CACTGTG	TCCAAAACT	1002665	1002684	GGTATAGTGGGAGCTACTAC
igh_locus_reverse_compl_chr14_[105560000:106883717]	+	970474	970453	TACTGTG	GCTTTTTGT	970497	970516	CACAGTG	GCAAAAACT	970481	970496	TGACTACAGTAACTAC
igh_locus_reverse_compl_chr14_[105560000:106883717]	+	979330	979309	CACCATG	GGATTTTGA	979351	979370	CACAGCA	ACCCAAACC	979337	979350	GGTATGGTGGCTAC
igh_locus_reverse_compl_chr14_[105560000:106883717]	+	971435	971414	GACTGTG	GGTTATTGT	971462	971481	CACAGTG	GCAGCAACC	971442	971461	GTGGATACAGCTATGGTTAC
igh_locus_reverse_compl_chr14_[105560000:106883717]	+	980080	980059	TGCTGTG	GCTTTTTGT	980103	980122	CATAGTG	GCAAAAACT	980087	980102	TGACTACAGTAACTAC
igh_locus_reverse_compl_chr14_[105560000:106883717]	+	964193	964172	CACGGTG	AGATTCTGA	964217	964236	CACCGTG	TCCAAAACT	964200	964216	GGTACAACTGGAACGAC
igh_locus_reverse_compl_chr14_[105560000:106883717]	+	989188	989167	TACTGTG	GCTTTTTGT	989211	989230	CACAGTG	GCAAAAACT	989195	989210	TGACTACGGTGACTAC
igh_locus_reverse_compl_chr14_[105560000:106883717]	+	981040	981019	GACTGTG	GGTTATTGT	981070	981089	CACAGTG	GCAGCAACC	981047	981069	GTGGATATAGTGGCTACGATTAC
igh_locus_reverse_compl_chr14_[105560000:106883717]	+	973284	973263	CACAGTG	AGTTTCTGA	973309	973328	CACAGTG	CCAGAAACC	973291	973308	GAGTATAGCAGCTCGTCC
igh_locus_reverse_compl_chr14_[105560000:106883717]	+	990150	990129	GACTGTG	GGTTATTGT	990177	990196	CACAGTG	GCAGCAACC	990157	990176	GTGGATACAGCTATGGTTAC
igh_locus_reverse_compl_chr14_[105560000:106883717]	+	973788	973767	CACAGTG	GGATTCTGA	973812	973831	CACTGTG	TCCAAAACG	973795	973811	GGTATAACTGGAACTAC
igh_locus_reverse_compl_chr14_[105560000:106883717]	+	998823	998802	TGCTGTG	GCTTTTTGT	998849	998868	CACAGTG	GCAAAAACT	998830	998848	TGACTACGGTGGTAACTCC
igh_locus_reverse_compl_chr14_[105560000:106883717]	+	982549	982528	CACAGTG	GGTTTCTGA	982577	982596	CACAGTG	CCAGAAACC	982556	982576	GGGTATAGCAGCAGCTGGTAC
igh_locus_reverse_compl_chr14_[105560000:106883717]	-	979222	979241	CACTGTG	GGTTTTTGA	979184	979163	CACAGTG	CCCCAAACC	979191	979221	GTTATAATAACTCCCCGAACCATAGTAATAC
igh_locus_reverse_compl_chr14_[105560000:106883717]	-	970497	970516	CACTGTG	AGTTTTTGC	970474	970453	CACAGTA	ACAAAAAGC	970481	970496	GTAGTTACTGTAGTCA
igh_locus_reverse_compl_chr14_[105560000:106883717]	-	1002685	1002704	CACAGTG	AGTTTTGGA	1002658	1002637	CACCGTG	TCAGAATCC	1002665	1002684	GTAGTAGCTCCCACTATACC
igh_locus_reverse_compl_chr14_[105560000:106883717]	-	969360	969379	CACTGTG	GGTTTTTGA	969322	969301	CACAGTG	CCCCAAACC	969329	969359	GGTATAATAACCACTCCAAAAATCGTAATAC
igh_locus_reverse_compl_chr14_[105560000:106883717]	-	1018168	1018187	CACTGTG	GGTTTTTGT	1018150	1018129	CACAGTG	GCCAAAACC	1018157	1018167	TCCCCAGTTAG
igh_locus_reverse_compl_chr14_[105560000:106883717]	-	992528	992547	CACGGTG	AGTTTTGGA	992504	992483	CACTGTG	TCAGAATCC	992511	992527	GTCGTTCCAGTTATACC
igh_locus_reverse_compl_chr14_[105560000:106883717]	-	992020	992039	CACTGTG	GGTTTCTGG	991992	991971	CACTGTG	TCAGAAACC	991999	992019	GTACCAGCCACTGCTATACCC
igh_locus_reverse_compl_chr14_[105560000:106883717]	-	982577	982596	CACTGTG	GGTTTCTGG	982549	982528	CACTGTG	TCAGAAACC	982556	982576	GTACCAGCTGCTGCTATACCC
igh_locus_reverse_compl_chr14_[105560000:106883717]	-	998849	998868	CACTGTG	AGTTTTTGC	998823	998802	CACAGCA	ACAAAAAGC	998830	998848	GGAGTTACCACCGTAGTCA
igh_locus_reverse_compl_chr14_[105560000:106883717]	-	973309	973328	CACTGTG	GGTTTCTGG	973284	973263	CACTGTG	TCAGAAACT	973291	973308	GGACGAGCTGCTATACTC
igh_locus_reverse_compl_chr14_[105560000:106883717]	-	989211	989230	CACTGTG	AGTTTTTGC	989188	989167	CACAGTA	ACAAAAAGC	989195	989210	GTAGTCACCGTAGTCA
igh_locus_reverse_compl_chr14_[105560000:106883717]	-	964217	964236	CACGGTG	AGTTTTGGA	964193	964172	CACCGTG	TCAGAATCT	964200	964216	GTCGTTCCAGTTGTACC
igh_locus_reverse_compl_chr14_[105560000:106883717]	-	980103	980122	CACTATG	AGTTTTTGC	980080	980059	CACAGCA	ACAAAAAGC	980087	980102	GTAGTTACTGTAGTCA
