contig,reference strand,left heptamer index,left nonamer index,left heptamer,left nonamer,right heptamer index,right nonamer index,right heptamer,right nonamer,start of gene,end of gene,gene sequence
KT723008.1|Bos,+,426359,426338,CACGGTG,GGTTTCTGA,426424,426443,CACAGTG,ACAAAAACC,426366,426424,GTAGTTGTTATAGTGGTTATGGTTATGGTTATGGTTGTGGTTATGGTTATGGTTATAC
KT723008.1|Bos,+,287263,287242,CACGGTG,GGTTTCTGA,287306,287325,CACAGTG,ACAGAAACC,287270,287306,GTATTGTGGTAGCTATTGTGGTAGTTATTATGGTAC
KT723008.1|Bos,+,287706,287685,CATGGTG,GGTTTCTGA,287756,287775,CACAGTG,ACAAAAACC,287713,287756,GTAGTTATAGTGGTTATGGTTATGGTTATAGTTATGGTTATAC
KT723008.1|Bos,+,476226,476205,CACCGTG,GGATTTTGA,476264,476283,CACAGTG,ACATAAAGT,476233,476264,AGAATATCGTGATGATGGTTACTGCTACACC
KT723008.1|Bos,+,478594,478573,CACGGTG,GGTTTCTGA,478637,478656,CACAGTG,ACAGAAACC,478601,478637,GTATTGTGGTAGCTATTGTGGTAGTTATTATGGTAC
KT723008.1|Bos,+,372302,372281,CACGGTG,GGTTTCTGA,372457,372476,CACAGTG,ACAAAAACC,372309,372457,GTAGTTGTCCTGATGGTTATAGTTATGGTTATGGTTGTGGTTATGGTTATGGTTGTAGTGGTTATGATTGTTATGGTTATGGTGGTTATGGTGGTTATGGTGGTTATGGTTATAGTAGTTATAGTTATAGTTATACTTACGAATATAC
KT723008.1|Bos,+,479025,479004,CACGGTG,GGTTTTTGA,479105,479124,CACAGTG,ACAAAAACC,479032,479105,GTAGTTATGGTGGTTATGGTTATGGTGGTTATGGTTGTTATGGTTATGGTTATGGTTATGGTTATGGTTATAC
KT723008.1|Bos,+,372860,372839,CACGGTG,GGTTTCTGA,372925,372944,CACAGTG,ACAAAAACC,372867,372925,GTAGTTGTTATAGTGGTTATGGTTATGGTTGTGGTTATGGTTATGGTTATGATTATAC
KT723008.1|Bos,+,479958,479937,CACGGTG,GGTTTCTGA,480023,480042,CACAGTG,ACAAAAACC,479965,480023,GTAGTTGTTATAGTGGTTATGGTTATGGTTATGGTTGTGGTTATGGTTATGGTTATAC
KT723008.1|Bos,+,422633,422612,CACCGTG,GGATTTTGA,422671,422690,CACAGTG,ACATAAAGT,422640,422671,AGACTATCGTGATGATGGTTACTGCTACACC
KT723008.1|Bos,+,284876,284855,CACTGTG,GGATTTTGA,284914,284933,CACAGTG,ACATAAAGC,284883,284914,AGAATACCGTGATGATGGTTACTGCTACACC
KT723008.1|Bos,+,425000,424979,CACGGTG,GGTTTCTGA,425043,425062,CACAGTG,ACAGAAACC,425007,425043,GTATTGTGGTAGCTATTGTGGTAGTTATTATGGTAC
KT723008.1|Bos,+,425431,425410,CACGGTG,GGTTTTTGA,425505,425524,CACAGTG,ACAAAAACC,425438,425505,GTAGTTATGGTGGTTATGGTTATGGTGGTTATGGTTGTTATGGTTATGGTTATGGTTATGGTTATAC
KT723008.1|Bos,-,480023,480042,CACTGTG,GGTTTTTGT,479958,479937,CACCGTG,TCAGAAACC,479964,480022,GTATAACCATAACCATAACCACAACCATAACCATAACCATAACCACTATAACAACTAC
KT723008.1|Bos,-,372925,372944,CACTGTG,GGTTTTTGT,372860,372839,CACCGTG,TCAGAAACC,372866,372924,GTATAATCATAACCATAACCATAACCACAACCATAACCATAACCACTATAACAACTAC
KT723008.1|Bos,-,479105,479124,CACTGTG,GGTTTTTGT,479025,479004,CACCGTG,TCAAAAACC,479031,479104,GTATAACCATAACCATAACCATAACCATAACCATAACAACCATAACCACCATAACCATAACCACCATAACTAC
KT723008.1|Bos,-,372457,372476,CACTGTG,GGTTTTTGT,372302,372281,CACCGTG,TCAGAAACC,372308,372456,GTATATTCGTAAGTATAACTATAACTATAACTACTATAACCATAACCACCATAACCACCATAACCACCATAACCATAACAATCATAACCACTACAACCATAACCATAACCACAACCATAACCATAACTATAACCATCAGGACAACTAC
KT723008.1|Bos,-,478637,478656,CACTGTG,GGTTTCTGT,478594,478573,CACCGTG,TCAGAAACC,478600,478636,GTACCATAATAACTACCACAATAGCTACCACAATAC
KT723008.1|Bos,-,287306,287325,CACTGTG,GGTTTCTGT,287263,287242,CACCGTG,TCAGAAACC,287269,287305,GTACCATAATAACTACCACAATAGCTACCACAATAC
KT723008.1|Bos,-,426424,426443,CACTGTG,GGTTTTTGT,426359,426338,CACCGTG,TCAGAAACC,426365,426423,GTATAACCATAACCATAACCACAACCATAACCATAACCATAACCACTATAACAACTAC
KT723008.1|Bos,-,425505,425524,CACTGTG,GGTTTTTGT,425431,425410,CACCGTG,TCAAAAACC,425437,425504,GTATAACCATAACCATAACCATAACCATAACAACCATAACCACCATAACCATAACCACCATAACTAC
KT723008.1|Bos,-,425043,425062,CACTGTG,GGTTTCTGT,425000,424979,CACCGTG,TCAGAAACC,425006,425042,GTACCATAATAACTACCACAATAGCTACCACAATAC
KT723008.1|Bos,-,284914,284933,CACTGTG,GCTTTATGT,284887,284865,CACGGTA,ACACACACC,284893,284913,GGTGTAGCAGTAACCATCAT
KT723008.1|Bos,-,284914,284933,CACTGTG,GCTTTATGT,284876,284855,CACAGTG,TCAAAATCC,284882,284913,GGTGTAGCAGTAACCATCATCACGGTATTCT
