contig,reference strand,heptamer index,nonamer index,heptamer,nonamer,best aligned human gene,alignment direction,alignment PI,longest common k-mer,start of gene,end of gene,gene sequence
KT723008.1|Bos,+,365573,365602,CACAGTG,GTCAGAAAC,IGHV1-46*01,+,83.10810810810811,15,365284,365572,CAGGTGCAGCTGGTGCAGTGGGGGCTGAGCTGAGGAAGCCTGGGGCCTCAGTGAAGGTGTCCTGCAAGGCTTCTGGATATACCTTCACCGACTACATGCACTGGGTGTGACAGGCCCCTCAGCAAGAGCTTGAACGGATGGACAGATTGACAGCAAAGATGGTGGAGCAAAGTACGCACAGAAGTTCCAGGGCAGAGTCACGTTGGCTGCAGACACGTCCACCAGCATCACCTACGTGGAGCTGAGCAGTCTGAGGTCTGACGACACGGCTGTTTATTACTGTGTGAG
KT723008.1|Bos,+,162344,162373,CACAGTG,GACAAAAAC,IGHV4-4*01,+,70.80536912751678,12,162051,162343,CAGGTGCAGCTGCAGGAGTCGGGCCCCAGCCTGGTAAAGACCTCACAGACCCTCTCCCTCACCTGCACGGCCTCTGGATTATCATTAACCAGATATGGTATACACTGGGTCCGCCAGGCTCCAGGAAAGGCGCTGGAGTGGCTTGGTGATATAAGCAGTGGTGGAAGCACAGGCTATAACCCAGGCCTGAAATCCCGGCTCAGCATCACCAAGGACAACTCCAAGAGCCAAGTCTCTCTGTCACTGAGCAGCCTGACACCTGAGGACTCAGCCACATACTACTGTGCAAGAG
KT723008.1|Bos,+,418891,418920,CACAGTG,GTCAGAAAC,IGHV1-46*01,+,83.10810810810811,15,418602,418890,CAGGTGCAGCTGGTGCAGTGGGGGCTGAGCTGAGGAAGCCTGGGGCCTCAGTGAAGGTGTCCTGCAAGGCTTCTGGATATACCTTCACCGACTACATGCACTGGGTGTGACAGGCCCCTCAGCAAGAGCTTGAACGGATGGACAGATTGACAGCAAAGATGGTGGAGCAAAGTACGCACAGAAGTTCCAGGGCAGAGTCACGTTGGCTGCAGACACGTCCACCAGCATCACCTACGTGGAGCTGAGCAGTCTGAGGTCTGACGACACGGCTGTTTATTACTGTGTGAG
KT723008.1|Bos,+,219746,219775,CACAGTG,GACAAAAAC,IGHV4-4*01,+,73.4006734006734,12,219453,219745,CAGGTGCAGCTGCGGGAGTCGGGCCCCAGCCTGGTGAAGCCCTCACAGACCCTGTCCCTCACCTGCACGGTCTCTGGATTCTCATTAAGCGATAATAGTGTAGGCTGGGTCCGCCAGGCTCCAGGAAAGGCGCTGGAGTGGCTCGGTGTCATATATAGTGGTGGAAGCACAGGCTATAACCCAGCCCTGAAATCCCGGCTCAGCATCACCAAGGACAACTCCAAGAGCCAAGTCTCTCTATCACTGAGCAGCGTGACAACTGAGGACACGGCCACATACTACTGTGCAAGAG
KT723008.1|Bos,+,95347,95376,CACAGTG,GACAAAAAC,IGHV4-4*01,+,70.46979865771812,12,95054,95346,CAGGTGCAGCTGCAGGAGTCGGGCCCCAGCCTGGTGAAGACCTCACAGACACTCTCCCTCACTTGCACGGCCTCTGGATTATCATTAACCAGATATGGTATACACTGGGTCCGCCAGGCTCCAGGAAAGGCGCTGGAGTGGCTTGGTGATATAAGCAGTGGTGGAAGCACAGGCTATAACCCAGGCCTGAAATCCCGGCTCAGCATCACCAAGGACAACTCCAAGAGCCAAGTCTCTCTGTCACTGAGCAGCCTGACGCCTGAGGACTCAGCCACATACTACTGTGCAAGAG
KT723008.1|Bos,+,241350,241379,CACAGTG,GACAAAAAC,IGHV4-4*07,+,72.97297297297297,12,241057,241349,CAGGTGCAGCTGCGGGAGTCGGGCCCCAGCCTGGTGAAGCCCTCACAGACCCTCTCCCTCACCTGCACGGTCTCTGGATTCTCATTGAGCAGCTATGGTGTAGGCTGGGTCCGCCAGGCTCCAGGGAAGGCGCTGGAGTGTCTTGGTGGTATAAGTAGTGGTGGAAGCACAGGCTATAACCCAGCCCTGAAATACCGGCTCAGCATCACCAAGGACAACTCCAAGAGCCAAGTCTCTCTGTCACTGAGCAGCGTGACAACTGAGGACACGGCCACATACTACTGTGCGAAGG
KT723008.1|Bos,+,137953,137982,CACAGTG,GACAAAAAC,IGHV4-4*01,+,73.4006734006734,12,137660,137952,CAGGTGCAGCTGCGGGAGTCGGGCCCCAGCCTGGTGAAGCCCTCACAGACCCTCTCCCTCACCTGCACGGTCTCTGGATTCTCATTGAGCAGCAATGGTGTAGTCTGGGTCCGCCAGGCTCCAGGGAAGGCGCTGGAGTGGCTCGGTGGTATATGCAGTGGTGGAAGCACAAGCTTTAACCCAGCCCTGAAATCCCGGCTCAGCATCACCAAGGACAACTCCAAGAGCCAAGTCTCTCTGTCAGTGAGCAGCGTGACACCTGAGGACACGGCCACATACTACTGTGCAAGAG
KT723008.1|Bos,+,64232,64261,CACAGTG,GTCAGAAAC,IGHV1-46*01,+,83.89261744966443,15,63938,64231,CAGGTGCAGCTGGTGCAGTGGGGGCTGAGCTGAGGAAGCCTGGGGCCTCAGTGAAGGTGTCCTGCAAGGCTTCTGGATACACCTTCACCGACTACTACACGCACTAGGTGTGACAGGCCCCTCAGCAAGGGCTTGAACAGATGGACAGATTGACAGCAAAGATGGTGGAGCAAAGTACGCACAGAAGTTCCAGGGCAGAGTCACGTTGGCTGCAGACACGTCCACCAGCACCGCCGACATGGAGCTGAGCAGTCTGAGGTCTGAGGACACGGCTGTTTATTACTGTGTGAGAC
KT723008.1|Bos,+,36110,36139,CACAGTG,GTCAGAAAC,IGHV1-46*01,+,83.55704697986577,15,35819,36109,CAGGTGCAGCTGGTGCAGTGGGGGCTGAGCTGAGGAAGCCTGGGGCCTCAGTGAAGGTGTCCTGCAAGGCTTCTGGATACACCTTCACCGACTACATGCACTGCGTGTGACAGGCCCCTCAGCAAGGGCTTGAACAGATGGACAGATTGACAGCAAAGATGGTGGAGCAAAGTATGCACAGAAGTTCCAGGGCAGAGTCACGTTGGCTGCAGACACGTCCACCAGCACCGCCGACATGGAGCTGAGCAGTCTGAGGTCTGAGGACACGGCTGTTTATTACTGTGTGAGAC
KT723008.1|Bos,+,79138,79167,CACAGTG,GTCAGACCC,IGHV1-46*01,+,83.22147651006712,15,78848,79137,CAGGTGCAGCTGGTGCCGTTGGGGCTGAGCTGAGGAAGCCTGGGGCCTCAGTGAAGGTGTCTTGCAAGGCTTCTGGATACACCTTCACCGACTACATGCACTGCATGTGACAGGCCCCTCAGCAAGGGCTTGAACGGATGGATAGATTGACAGCAAAGATGGTGGAGCAAAGTATGCACAGAAGTTCCAGGGCAGAGTCACGTTGCTGCAGACACGTCCACCAGCACCGCCTACATGGAGCTGAGCAGTCTGAGGTCTGAGGACACGGCTGTTTATTATTGTGTGAGAC
KT723008.1|Bos,+,192826,192855,CACAGTG,GACAAAAAC,IGHV4-4*07,+,72.97297297297297,12,192533,192825,CAGGTGCAGCTGCGGGAGTCGGGCCCCAGCCTGGTGAAGCCCTCACAGACCCTCTCCCTCACCTGCACGGTCTCTGGATTCTCACTGAGCAGCTATGCTGTAGGCTGGGTCCGCCAGGCTCCAGGGAAGGCGCTGGAGTGGCTCGGTGGTATAAGCAGTGGTGGAAGCACATACTATAACCCAGCCCTGAAATCCCGGCTCAGCATCACCAAGGACAACTCCAAGAGCCAAGTCTCTCTGTCAGTGAGCAGCGTGACACCTGAGGACACGGCCACATACTACTGTGCGAAGG
KT723008.1|Bos,+,182597,182626,CACAGTG,GACAAAAAC,IGHV4-4*07,+,71.95945945945945,11,182304,182596,CAGGTGCAGCTGCGGGAGTCGGGCCCCAGCCTGGTGAAGCCCTCACAGACCCTCTCCCTCACCTGCACGATCTCTGGATTCTCATTGAGCAGCTATGCTGTAGGCTGGGTCCGCCAGGCTCCGGGGAAGGCGCTGGAGTGGGTTGGTGGTATAAGTAGTGGTGGAAGCACATGCCTTAACCCAGCCCTGAAATCCCGGCTCAGCATCACCAAGGACAACTCCAAGAGCCAAGTCTCTCTGTCAGTGAGCAGCGTGACAACTGAGGACACGGCCACATACTACTGTGCGAAGG
KT723008.1|Bos,+,214381,214410,CACAGTG,GTCAGAAAC,IGHV1-46*01,+,83.89261744966443,15,214090,214380,CAGGTGCAGCTGGTGCTGTTGTGGCTGAGCTGAGGAAGCCTGGGGCCTCAGTGAAGGTGTCCTGCAAGGCTTCTGGATACACCTTCACCGACTACATGCACTGGGTGTGACAGGCCCCTCAGCAAGGGCTTGAAGGGATGGACAGATTGACAGCAAAGATGGTGGAGCAAAGTATGCACAGAAGTTCCAGGGCAGAGTCACGTTGGCTGCAGACACGTCCACCAGCACTGCCTACATGGAGCTGAGCAGTCTGAGGTCTGAGGACATGGCTGTTTATTACTGTGTGAGAC
KT723008.1|Bos,+,254850,254879,CACAGTG,GACAAAAAC,IGHV4-55*01,+,70.30716723549489,12,254549,254849,CAGGTGCAGCTGCGGGAGTCGGGCCCCAGCCTGGTGAAGCCGTCACAGACCCTCTCCCTCACCTGCACGGTCTCTGGATTCTCATTGAGCGACAAGGCTGTAGGCTGGGTCCGCCAGGCTCCAGGGAAGGCGCTGGAGTGGCTCGGTGGTATAGACACTGGTGGAAGCACAGGCTATAACCCAGGCCTGAAATCCCGGCTCAGCATCACCAAGGACAACTCCAAGAGCCAAGTCTCTCTGTCAGTGAGCAGCGTGACAACTGAGGACTCGGCCACATACTACTGTACTACTGTGCACCAG
KT723008.1|Bos,+,3467,3496,CACAGTG,GTCAGAAAC,IGHV1-46*01,+,82.45033112582782,13,3170,3466,CAGTGTGCACTCCCAGGTACAGTTGGGGCTGAGCTAAGGAAGCCTGGGGCCTCAGTGAAGGTGTCCTGCAAGGCTTCTGGATACACCTTCACCAACTACTACATGCACTGGGTGTGACAGGACCCTCAGCAATGGCTTGAATGGATGGACAGATTGACAGCAAAGATGGTGGAGCAAAGTATGCACAGAAGTTCCAGGGCAGAGTCACGTTGGCTGCAGACACGTCCACCAGCACCGCCTACATGGAGCTGAGCAGTCTGAGGTCTGAGGACACGGCTGTTATTACTGTGTGAAAC
KT723008.1|Bos,+,269707,269736,CACAGTG,GTCAGAAAC,IGHV1-46*01,+,83.89261744966443,15,269413,269706,CAGGTGCAGCTGGTGCTGTTGGGGCTGAGCTGAGGAAGCCTGGGGCCTCAGTGAAGGTGTCCTGCAAGGCTTCTGGATACACCTTCACCGACTACTACACGCACTAGGTGTGACAGGCCCCTCAGCAAGGGCTTGAACAGATGGACAGATTGACAGCAAAGATGGTGGAGCAAAGTACGCACAGAAGTTCCAGGGCAGAGTCACGTTGGCTGCAGACACGTCCACCAGCACCGCCGACATGGAGCTGAGCAGTCTGAGGTCTGAGGACACGGCTGTTTATTACTGTGTGAGAC
KT723008.1|Bos,+,115601,115630,CACAGTG,GACAAAAAC,IGHV4-4*07,+,71.95945945945945,11,115308,115600,CAGGTGCAGCTGCGGGAGTCGGGCCCCAGCCTGGTGAAGCCCTCACAGACCCTCTCCCTCACCTGCACGATCTCTGGATTCTCATTGAGCAGCTATGCTGTAGGCTGGGTCCGCCAGGCTCCGGGGAAGGCGCTGGAGTGGGTTGGTGGTATAAGTAGTGGTGGAAGCACATGCCTTAACCCAGCCCTGAAATCCCGGCTCAGCATCACCAAGGACAACTCCAAGAGCCAAGTCTCTCTGTCAGTGAGCAGCGTGACAACTGAGGACACGGCCACATACTACTGTGCGAAGG
KT723008.1|Bos,+,472484,472513,CACAGTG,GTCAGAAAC,IGHV1-46*01,+,83.10810810810811,15,472195,472483,CAGGTGCAGCTGGTGCAGTGGGGGCTGAGCTGAGGAAGCCTGGGGCCTCAGTGAAGGTGTCCTGCAAGGCTTCTGGATATACCTTCACCGACTACATGCACTGGGTGTGACAGGCCCCTCAGCAAGAGCTTGAACGGATGGACAGATTGACAGCAAAGATGGTGGAGCAAAGTACGCACAGAAGTTCCAGGGCAGAGTCACGTTGGCTGCAGACACGTCCACCAGCATCACCTACGTGGAGCTGAGCAGTCTGAGGTCTGACGACACGGCTGTTTATTACTGTGTGAG
KT723008.1|Bos,+,151462,151491,CACAGTG,GACAAAAAC,IGHV4-4*01,+,73.06397306397307,12,151169,151461,CAGGTGCAGCTGCGGGAGTCGGGCCCCAGCCTGGTGAAGCCCTCACAGACCCTCTCCCTCACCTGCACGGTCTCTGGATTCTCATTGAGCAGCAATGGTGTAGGCTGGGTCCGCCAGGCTCCAGGGAAGGCGCTGGAGTGGGTTGGTGGTATAGATAATGATGGAGACACATACTATAACCCAGCCCTGAAATCCCGGCTCAGCATCACCAAGGACAACTCCAAGAGCCAAGTCTCTCTGTCAGTGAGCAGCGTGACACCTGAGGACACGGCCACATACTACTGTGCAAAAG
KT723008.1|Bos,+,125864,125893,CACAGTG,GACAAAAAC,IGHV4-4*01,+,72.05387205387206,11,125571,125863,CAGGTGCAGCTGCAGGAGTCGGGCCCCAGCCTGGTGAAGCCCTCACAGACCCTGTCCCTCACCTGCACGGTCTCTGGATTCTCATTAAGCGACAATGCTGTAGGCTGGGTCCGCCAGGCTCCAGGAAAGGCGCTGGAGTAGCTTGGTGGTATAGATAATGATGGATACACAAGGTATAACCCAGCCCTGAAATCCCGGCTCAGCATTACCAAGGACAACTCCAAGAGCTAAGTCTCTGTGTCAGTGAGCAGCGTGACAACTGAGGACTCGGCCGTGTACTACTGTGCGAAGG
KT723008.1|Bos,+,235957,235986,CACAGTG,GTCAGAAAC,IGHV1-46*01,+,84.22818791946308,16,235666,235956,CAGTTGCAGCTGGTGCCATTGGGGCTGAGCTGAGGAAGCCTGGGGCCTCAGTGAAGGTGTCCTGCAAGGCTTCTGGATACACCTTCACCGACTACATGCACTGGGTGTGACAGGCCCCTCAACAAGGGCTTGAAAGGATGGACAGATTGACAGCAAAGATGGTGGAGCAAAGTATGCACAGAAGTTCCAGGGCAGAGTCACGTTGGCTGCAGACACGTCCACCAGCACCGCCTACATGGAGCTGAGCAGTCTGAGGTCTGAGGACACGGCTGTTTATTACTGTGTGAGAC
KT723008.1|Bos,+,206321,206350,CACAGTG,GACAAAAAC,IGHV4-4*01,+,72.48322147651007,12,206028,206320,CAGGTGCAGCTGCGCGAGTCGGGCCCCAGCCTGGTGAAGCCCTCACAGACCCTCTCCCTCACCTGCACGGTCTCTGGATTCTCATTGAGCAGCTATGCTGTAAGCTGGGTCCGCCAGGCTCCAGGGAAGGCTCTGGAGTGGCTTGGTGATATAAGCAGTGGTGGAAGCACAGGCTATAACCCAGCCCTGAAATCCCGGCTCAGCATCACCAAGGACAACTCCAAGAGCCAAGTCTCTCTGTCAGTGAGCAGCGTGACACCTGAGGACACGGCCACATACTACTGTGCGAAGG
KT723008.1|Bos,+,84475,84504,CACAGTG,GACAAAAAC,IGHV4-4*01,+,72.33333333333333,11,84182,84474,AAGGTGCAGCTGCAGGAGTCGGGTCCCAGCCTGGTGAAGCCCTCACAGACCCTCTCCCTCACCTGCACGACCTCTGGATTCTCATTGACCAGCTATGGTGTAAGCTGGGTCCGCCAGGCTCCAGGGAAGGCGCTGGAGTGGCTCGGTGGTATAGATAGTGGTGGAAGCACAGGCTATAACCCAGGCCTGAAATCCAGGCTCAGCATCACCAGGGACAACTCCAAGAGCCAAGTCTCTCTGTCAGTGAGCAGCGTGACACCTGAGGACACGGCCACATACTACTGTGCGAAGG
